<?xml version="1.0" encoding="UTF-8"?>
<index>
	<title>Source of Images With Flex</title>
	<nodes>
		<node label="src" icon="classpathIcon" expanded="true">
			<node label="phone.flv" url="source/phone.flv"/>
			<node selected="true" label="VideoDemo.mxml" icon="mxmlAppIcon" url="source/VideoDemo.mxml.html"/>
		</node>
		<node label="www">
			<node label="com">
				<node label="DemoImageService.cfc" url="source/www/com/DemoImageService.cfc.txt"/>
			</node>
			<node label="history">
				<node label="history.css" icon="cssIcon" url="source/www/history/history.css.html"/>
				<node label="history.js" url="source/www/history/history.js.txt"/>
				<node label="historyFrame.html" icon="htmlIcon" url="source/www/history/historyFrame.html"/>
			</node>
			<node label="AC_OETags.js" url="source/www/AC_OETags.js.txt"/>
			<node label="phone.flv" url="source/www/phone.flv"/>
			<node label="playerProductInstall.swf" icon="swfIcon" url="source/www/playerProductInstall.swf"/>
			<node label="VideoDemo.html" icon="htmlIcon" url="source/www/VideoDemo.html"/>
			<node label="VideoDemo.swf" icon="swfIcon" url="source/www/VideoDemo.swf"/>
		</node>
	</nodes>
</index>
